ID Artículo (Nombre Archivo),DOI,Título del Artículo,Autor(es),STEM (1/0),NO STEM (1/0),Disciplinas Específicas,País/Región de Estudio,Objetivo Principal del Artículo,Variables/Datos Utilizados,Modelo(s) de ML Usado(s),Acceso al Dataset,Resultado Clave (Métrica),Evaluación Crítica (Proximidad al Proyecto)
s12874-022-01679-6.pdf,10.1186/s12874-022-01679-6,Survival prediction models: an introduction to discrete-time modeling,"Krithika Suresh, Cameron Severn, Debashis Ghosh",1,0,"Bioestadística, Machine Learning, Survival Analysis",N/A (No Especificado) (Metodológico),Introducir y comparar modelos de supervivencia de tiempo discreto con métodos de ML (clasificación).,"(Metodológico) Time-to-event (discreto), Censoring, Hazard.","Modelos de tiempo discreto (Logit, C-log-log), Random Forest, SVM, Gradient Boosting, Cox-PH.",N/A (Revisión metodológica),N/A (Revisión),"5 (Alta). Justificación: Revisión metodológica clave que compara Cox, RF y Gradient Boosting para análisis de supervivencia."
suresh2022.pdf,10.1186/s12874-022-01679-6,Survival prediction models: an introduction to discrete-time modeling,"Krithika Suresh, Cameron Severn, Debashis Ghosh",1,0,"Bioestadística, Machine Learning, Survival Analysis",N/A (No Especificado) (Metodológico),Introducir y comparar modelos de supervivencia de tiempo discreto con métodos de ML (clasificación) para predecir supervivencia.,"(Metodológico) Time-to-event (discreto), Censoring, Hazard.","Modelos de tiempo discreto (Logit, C-log-log), Random Forest, SVM, Gradient Boosting, Cox-PH.",N/A (Revisión metodológica),N/A (Revisión). (Compara el rendimiento de ML vs. modelos tradicionales en datos de tiempo discreto).,"5 (Alta). Justificación: Revisión metodológica clave que compara Cox, RF y Gradient Boosting para análisis de supervivencia."
ghoshmondal2020.pdf,N/A (No Especificado) (arXiv:2009.05264),Deep learning models for survival analysis: an introduction,"Subhrajit Ghosh, Suman Mondal",1,0,"Machine Learning, Deep Learning, Survival Analysis",N/A (No Especificado) (Metodológico),"Introducir y revisar modelos de Deep Learning (como DeepSurv, DeevHit) para análisis de supervivencia.","(Metodológico) Time-to-event, Censoring.","DeepSurv, DeepHit, Nnet-AFT, Cox-nnet, RNN-Survival.",N/A (Revisión),N/A (Revisión metodológica).,"5 (Alta). Justificación: Revisión de literatura metodológica de alto nivel, enfocada en modelos avanzados (Deep Learning) para predecir el tiempo-hasta-evento."
chiu2021.pdf,10.1007/s10489-021-02391-7,"A review on deep learning for survival analysis: methods, applications, and challenges",Sin-Yu Chiu,1,0,"Machine Learning, Deep Learning, Survival Analysis",N/A (No Especificado) (Revisión de literatura),Proveer una revisión sistemática de los métodos de Deep Learning (DL) aplicados al análisis de supervivencia.,(Metodológico) Revisa arquitecturas de DL.,"DeepSurv, Cox-nnet, AFT-nnet, DeepHit, RSF.",N/A (Revisión),N/A (Revisión). (DL maneja bien la no linealidad y las interacciones complejas en datos de supervivencia).,"5 (Alta). Justificación: Revisión de literatura de alto nivel metodológico, enfocada en modelos avanzados (Deep Learning) para predecir el tiempo-hasta-evento."
s10462-023-10681-3.pdf,10.1007/s10462-023-10681-3,Deep learning for survival analysis: a review,"Simon Wiegrebe, Philipp Kopper, Raphael Sonabend, et al.",1,0,"Machine Learning, Deep Learning, Survival Analysis",N/A (No Especificado) (Revisión de literatura),Realizar una revisión sistemática de los métodos de Deep Learning (DL) aplicados al análisis de supervivencia (tiempo-hasta-evento).,"(Revisión metodológica) Time-to-event, Censoring, Tipos de datos (imágenes, omics, texto).","(Revisados) DeepSurv, DeepHit, RSF, Cox-PH.",N/A (Revisión),N/A (Revisión),5 (Alta). Justificación: Revisión de literatura de alto nivel metodológico sobre modelos avanzados (Deep Learning) para predecir el tiempo-hasta-evento.
s12874-023-02078-1.pdf,10.1186/s12874-023-02078-1,Application of machine learning in predicting survival outcomes involving real-world data: a scoping review,"Yinan Huang, Jieni Li, Mai Li, Rajender R. Aparasu",1,0,"Machine Learning, Bioestadística, Survival Analysis",N/A (No Especificado) (Revisión de literatura),"Revisar la aplicación de algoritmos de ML para predecir resultados de supervivencia (tiempo-hasta-evento) usando ""Real-World Data (RWD)"".","(Revisión) Survival outcome, Time-to-event.","(Revisados) Random Survival Forests (RSF), Neural Networks (NN).",N/A (Revisión),AUC (Mediana=0.789 en los estudios revisados).,"5 (Alta). Justificación: Revisión de literatura (SLR) sobre el uso de ML (RSF, NN) para análisis de supervivencia."
10.1111@ejed.12525.pdf,10.1111/ejed.12525,The transition from higher education to first employment in Spain,"Encarnación Cordón-Lagares, Félix García-Ordaz, Juan José García-del-Hoyo",1,1,"Sciences, Social and Legal Sciences, Engineering and Architecture, Health Sciences, Arts and Humanities",Spain,Analizar los determinantes del tiempo que tardan los graduados universitarios en obtener su primer empleo en España.,"Duración (meses) hasta el primer empleo, Género (SEX), Área de estudio (SUBJ1-4), Tipo de universidad (UNIV), Estudios en el extranjero (ABRO), Experiencia laboral (PRACT), Inicio de búsqueda (SEAR), Conocimiento ICT.","Duration models (AFT: Log-normal, Weibull, etc.), Frailty models",Mencionado pero Privado,Log-normal AFT model (AIC=55881.6). (Graduados de Ing/Arq 22.37% más rápidos que Artes; Expertos ICT 20.46% más rápidos),5 (Alta). Justificación: Muy relevante; utiliza modelos de duración (supervivencia) para predecir el tiempo de inserción laboral para graduados STEM.
38-49.pdf,10.47772/IJRISS.2024.8120004,CPH and AFT Models for Time-To-Employment Data in the Presence of Cure Fraction,"Zahraddeen Abdullahi, Zarina Mohd Khalid, Haliza Abd Rahman, Nur Arina Bazilah Kamisan",1,0,Statistics,Nigeria,"Analizar datos de tiempo-hasta-el-empleo de graduados de estadística usando ""Mixture Cure Models (MCM)"" (Modelos de Cura Mixtos).","Time-to-employment (meses), Grade (Class of certificate), Age, Gender.","Cox Proportional Hazards (CPH), Accelerated Failure Time (AFT), Mixture Cure Models (MCM)",Mencionado pero Privado,"CPH MCM (AIC=1427.83) fue el mejor modelo. (Género y Edad fueron significativos en CPH MCM, pero no en CPH estándar)","5 (Alta). Justificación: Muy relevante; aplica modelos de supervivencia (CPH, AFT, MCM) directamente al ""tiempo-hasta-el-empleo"" para graduados STEM (Estadística)."
albandea2018.pdf,N/A (No Especificado) (ISBN 978-84-9083-979-9),La inserción laboral de los titulados de la Universidad de La Rioja (2012-2016): Un análisis de supervivencia,"B. Albandea-Usategui, J. M. Casado-Sanz, F. J. G. M. de Artaza",1,1,"Ciencias, Ingeniería, Ciencias Sociales y Jurídicas, Artes y Humanidades, Ciencias de la Salud",Spain (Universidad de La Rioja),Analizar el tiempo transcurrido desde la graduación hasta el primer empleo.,"Tiempo hasta el primer empleo (meses), Censura, Sexo, Rama de conocimiento (STEM/No-STEM), Nota media, Beca, Experiencia laboral previa, Edad.","Modelos de Duración (Supervivencia): Kaplan-Meier, Cox (CPH), AFT (Weibull, Log-normal, Log-logistic).",Mencionado pero Privado,Modelo Log-normal AFT fue el mejor (AIC=15891.1). (Ingeniería [HR=1.35] encuentra empleo más rápido).,"5 (Alta). Justificación: Muy relevante; aplica modelos de duración (AFT, Cox) para medir el tiempo de inserción laboral de graduados STEM."
stats-07-00043.pdf (y duplicado),10.3390/stats7020043,Transitioning from the University to the Workplace: A Duration Model with Grouped Data,Manuel Salas-Velasco,1,1,"Engineering, General (Educación Superior)",Spain,Analizar la duración del primer desempleo (tiempo-hasta-empleo) de graduados universitarios usando modelos de duración para datos agrupados (intervalos).,"Unemployment duration (agrupada), Age, Internship participation, Field of study (STEM/Non-STEM), University type (Public/Private), Gender.",Ordered Logit Model (para duración agrupada).,Mencionado pero Privado (Encuesta de graduados españoles),N/A (No Especificado). (Hallazgo: Graduados de Ingeniería y aquellos con pasantías experimentan una transición más rápida).,5 (Alta). Justificación: Metodológicamente relevante (análisis de duración) aplicado a graduados STEM (Ingeniería) para medir el tiempo de inserción.
journal.pone.0294114.pdf (y duplicado ...-1.pdf),10.1371/journal.pone.0294114,Survival analysis of higher education student dropout: A machine learning approach,"M. I., S. B. B. S., F. S., M. M.",1,1,Educación Superior (General),N/A (No Especificado) (Usa dataset CIDA),Analizar el tiempo hasta el abandono (deserción) de estudiantes usando análisis de supervivencia y ML.,"Time-to-event (semanas hasta abandono), Censoring, Demographics (género, edad), Academic (GPA, créditos), Socio-economic.","Cox-PH, Random Survival Forest (RSF), Survival SVM, Gradient Boosting (Survival).",Mencionado pero Privado (CIDA dataset),C-index=0.74 (RSF); C-index=0.73 (Gradient Boosting); C-index=0.71 (Cox-PH).,"5 (Alta). Justificación: Metodológicamente perfecto. Usa RSF, Cox y Gradient Boosting para predecir el tiempo hasta un evento (deserción) en estudiantes. Análogo al problema de tesis."
deiaco2018.pdf (Duplicado: deiaco2018-1.pdf),10.1007/978-3-319-93803-5_38,Predicting time-to-graduation in university students using survival analysis,"Enrico Deiaco, Laura Tarantino, Alberto T. A.",1,1,Educación Superior (General),N/A (No Especificado),Predecir el tiempo hasta la graduación de estudiantes universitarios usando análisis de supervivencia.,"Time-to-graduation (días), Censoring (abandono), Género, Edad, Tipo de diploma (secundaria), Nota de ingreso, Créditos (1er año).","Kaplan-Meier, Cox-PH, Random Survival Forest (RSF).",Mencionado pero Privado,RSF (C-index=0.849) superó a Cox-PH (C-index=0.814).,"5 (Alta). Justificación: Metodológicamente perfecto. Usa RSF y Cox para predecir el tiempo hasta un evento (graduación) en estudiantes, usando variables académicas."
viktor-andonovikj-survival-analysis-as-semi-supervised.pdf,10.1016/j.eswa.2023.121246,Survival analysis as semi-supervised multi-target regression for time-to-employment prediction using oblique predictive clustering trees,"Viktor Andonovikj, Pavle Boškoski, Sašo Džeroski, Biljana Mileva Boshkoska",1,1,Buscadores de empleo (General),Eslovenia,"Estimar el ""tiempo-hasta-el-empleo"" de buscadores de trabajo usando análisis de supervivencia y Árboles de Clustering Predictivo (PCTs).","Time-to-employment, Censoring, Datos demográficos (Edad, Género), Nivel educativo, Experiencia.","Oblique Predictive Clustering Trees (PCTs), Cox-PH, Random Survival Forest (RSF)",Mencionado pero Privado,C-index (PCTs)=0.702; C-index (RSF)=0.701; C-index (Cox)=0.686.,"5 (Alta). Justificación: Metodológicamente perfecto. Compara modelos de supervivencia (RSF, Cox) y un nuevo enfoque (PCTs) para predecir el tiempo-hasta-el-empleo."
s12874-024-02390-4.pdf,10.1186/s12874-024-02390-4,Predicting the time to get back to work using statistical models and machine learning approaches,"George Bouliotis, M. Underwood, R. Froud",1,1,"General (Programa ""Inspiring Families"" - desempleados)",N/A (No Especificado),"Comparar el rendimiento de modelos estadísticos clásicos vs. ML para predecir el ""tiempo para volver al trabajo"" (supervivencia).","Time to return to work (días), Censoring, 61 variables binarias (ej. ""family issues"").","Cox-PH, AFT (Parmar-Royston), Penalized Cox (Elastic Net), (Conditional) Survival Forest, Survival SVM.",Mencionado pero Privado,C-index (0.51 - 0.61 para todos los modelos).,"5 (Alta). Justificación: Metodológicamente perfecto. Compara Cox, RSF y SVM para predecir el tiempo hasta el empleo."
Kyklos - 2025 - Lalley...pdf (y duplicado),10.1111/kykl.12391,Time to Graduate-Level Employment for New Graduates in the United Kingdom,John Lalley,1,1,"STEM, Non-STEM (General)",Reino Unido (UK),"Analizar el tiempo que tardan los nuevos graduados en encontrar un empleo de ""nivel de graduado"".","Time to graduate-level employment (meses), Censoring, Degree class, Subject (STEM/Non-STEM), University type, Socio-economic class, Gender.","Modelos de Duración (Supervivencia): Kaplan-Meier, Cox-PH (CPH), Competing Risks Model.",Mencionado pero Privado (HESA survey),N/A (No Especificado). (Hallazgo: Graduados STEM [HR=1.35] encuentran empleo de nivel graduado más rápido que los de Humanidades).,5 (Alta). Justificación: Metodológicamente perfecto. Aplica Cox y modelos de supervivencia para medir el tiempo de inserción laboral de graduados STEM.
Education Research International - 2022 - Alemu...pdf,10.1155/2022/9446864,Understanding Waiting Time from Graduation to First Employment: Survival Analysis of Bahir Dar University Graduates,"Melkamu B. Alemu, Mastewal A. Wondim, et al.",1,1,"Engineering, Science, Agriculture, Business, Social Science, Medicine",Etiopía,Identificar los determinantes del tiempo de espera de los graduados para conseguir su primer empleo.,"Waiting time (meses), Censoring, Field of study, CGPA, Sex, Sector (public/private), Father's education.","Modelos de Duración (Supervivencia): Kaplan-Meier, Cox-PH.",Mencionado pero Privado,Modelo Cox-PH (AIC=4995.6). (Graduados de Ingeniería [HR=2.1] y Ciencias [HR=1.7] consiguen empleo más rápido que Cs. Sociales).,"5 (Alta). Justificación: Metodológicamente perfecto. Aplica Cox para predecir el tiempo de inserción laboral de graduados STEM (Ingeniería, Ciencias)."
Education Research International - 2020 - Getie Ayaneh...pdf,10.1155/2020/8877504,Survival Models for the Analysis of Waiting Time to First Employment of New Graduates...,"Getie Ayaneh Mengstie, Amare A. Dessie, Agimas W. Ayele",1,1,"Technology, Natural Science, Agriculture, Business, Social Science, Humanities",Etiopía,Modelar el tiempo de espera desde la graduación hasta el primer empleo e identificar sus determinantes.,"Waiting time (meses), Censoring, Sex, Field of study, CGPA, Family background (income, education).","Modelos de Duración (Supervivencia): Kaplan-Meier, Cox-PH, AFT (Weibull, Log-normal, Log-logistic).",Mencionado pero Privado,Modelo AFT Log-logistic fue el mejor (AIC=1285.9). (Graduados de Tecnología [HR=0.48] y Ciencias [HR=0.51] consiguen empleo más rápido).,"5 (Alta). Justificación: Metodológicamente perfecto. Aplica AFT y Cox para predecir el tiempo de inserción laboral de graduados STEM (Tecnología, Ciencias)."
getieayaneh2020.pdf,10.1155/2020/8877504,Survival Models for the Analysis of Waiting Time to First Employment of New Graduates...,"Getie Ayaneh Mengstie, Amare A. Dessie, Agimas W. Ayele",1,1,"Technology, Natural Science, Agriculture, Business, Social Science, Humanities",Etiopía,Modelar el tiempo de espera desde la graduación hasta el primer empleo e identificar sus determinantes.,"Waiting time (meses), Censoring, Sex, Field of study (STEM/No-STEM), CGPA, Family background (income, education).","Modelos de Duración (Supervivencia): Kaplan-Meier, Cox-PH, AFT (Weibull, Log-normal, Log-logistic).",Mencionado pero Privado,Modelo AFT Log-logistic fue el mejor (AIC=1285.9). (Graduados de Tecnología [HR=0.48] y Ciencias [HR=0.51] consiguen empleo más rápido).,"5 (Alta). Justificación: Metodológicamente perfecto. Aplica AFT y Cox para predecir el tiempo de inserción laboral de graduados STEM (Tecnología, Ciencias)."
avinash-barnwal-survival-regression-with-accelerated.pdf,N/A (No Especificado) (arXiv:2006.04920v3) 1,Survival regression with accelerated failure time model in XGBoost 2,"Avinash Barnwal, Toby Hocking, Hyunsu Cho 3",1,0,"Machine Learning, Survival Analysis 44",N/A (No Especificado) (Metodológico) 55,"Implementar y demostrar la efectividad de los modelos ""Accelerated Failure Time (AFT)"" en XGBoost para regresión de supervivencia. 66","(Metodológico) Datos con etiquetas censuradas (derecha, izquierda, intervalo)7777. Usa datasets sintéticos y de ChIP-seq. 8888","XGBoost (AFT), Cox-PH (XGBoost), Scikit-Survival (Cox-PH), survreg, penaltyLearning, MMIT. 999999999",Compartido 10101010,N/A (No Especificado). (XGBoost-AFT es competitivo y más rápido que otros modelos no lineales como MMIT). 11111111,"5 (Alta). Justificación: Metodología ML (AFT en XGBoost) de alta potencia, diseñada para regresión de supervivencia (tiempo-hasta-evento)."
2006.04920v3.pdf,N/A (No Especificado) (arXiv:2006.04920) 89,Survival regression with accelerated failure time model in XGBoost 90,"Avinash Barnwal, Toby Hocking, Hyunsu Cho 91919191",1,0,"Machine Learning, Survival Analysis 92",N/A (No Especificado) (Estudio metodológico) 93,"Implementar y demostrar la efectividad de los modelos ""Accelerated Failure Time (AFT)"" en XGBoost para regresión de supervivencia. 94","(Metodológico) Datos con etiquetas censuradas (derecha, izquierda, intervalo). Usa datasets sintéticos y de ChIP-seq. 95959595959595","XGBoost (AFT), Cox-PH (XGBoost), Scikit-Survival (Cox-PH), survreg, penaltyLearning, MMIT 969696969696969696",Compartido 97979797,N/A (No Especificado) (Metodológico: XGBoost-AFT es competitivo y más rápido que otros modelos no lineales). 98989898,"5 (Alta). Justificación: Metodología ML (AFT en XGBoost) de alta potencia, diseñada específicamente para regresión de supervivencia (tiempo-hasta-evento)."
yamaguchi1992.pdf,10.1080/01621459.1992.10475207,"Accelerated Failure-Time Regression Models with a Regression Model of Surviving Fraction: An Application to the Analysis of ""Permanent Employment"" in Japan",Kazuo Yamaguchi,0,1,"Sociología, Mercado laboral",Japón,"Aplicar modelos AFT (Accelerated Failure-Time) con una ""fracción de cura"" (surviving fraction) para analizar la duración del empleo (tiempo hasta dejar un trabajo).","Duración del empleo, Censoring, Educación, Edad, Género, Industria.","Modelos de Duración: AFT (Log-normal), Cure Models (Modelos de Cura)",Mencionado pero Privado,N/A (No Especificado). (Análisis de coeficientes).,"5 (Alta). Justificación: Metodología de supervivencia avanzada (AFT + Cure Models) aplicada al tiempo en el empleo. Los ""Cure models"" son muy relevantes si una fracción de graduados nunca consigue empleo."
1908.03385v5.pdf,N/A (No Especificado) (arXiv:1908.03385),Gradient Boosting Survival Tree with Applications in Credit Scoring,"Miaojun Bai, Yan Zheng, Yun Shen",1,0,"Machine Learning, Survival Analysis (Aplicado a Credit Scoring)",China y EE.UU.,"Proponer ""Gradient Boosting Survival Tree (GBST)"", un modelo de ensamble de árboles no paramétrico para análisis de supervivencia.","Datos de crédito (ej. loan amount, interest rate, personal info, credit score, device info). +400 variables.","Gradient Boosting Survival Tree (GBST), Cox, RSF, XGBoost, CoxBoost, GBMCI, CIF, DeepHit",Mixto (Público y Privado),C-index=0.7997 (Dataset 360) ; C-index=0.6867 (Dataset Lending Club),"5 (Alta). Justificación: Metodología de ML (GBST) de alta potencia para predecir el tiempo hasta un evento (supervivencia), aplicable al problema."
s41598-021-86327-7.pdf,10.1038/s41598-021-86327-7,Explainable machine learning can outperform Cox regression predictions and provide insights in breast cancer survival,"Arturo Moncada-Torres, Marissa C. van Maaren, et al.",1,0,"Machine Learning, Bioestadística",Netherlands,"Comparar el rendimiento de ML (RSF, XGB) vs. Cox-PH para predicción de supervivencia y usar SHAP para explicar los modelos.","Time-to-event, Censoring, Clinical data (Age, Tumor stage, etc.).","Cox-PH, Random Survival Forests (RSF), Survival SVM, XGBoost, SHAP.",Mencionado pero Privado (Netherlands Cancer Registry),C-index=0.73 (XGBoost) > C-index=0.63 (Cox-PH).,"5 (Alta). Justificación: Metodología avanzada de ML (XGBoost, RSF) y de interpretabilidad (SHAP) para análisis de supervivencia (tiempo-hasta-evento)."
fcimb-15-1542707.pdf,10.3389/fcimb.2025.1542707,Comparative analysis of machine learning algorithms for survival analysis in predicting prognosis...,"Z. L., J. W., Y. Z., et al.",1,0,"Machine Learning, Medicina (Sepsis)",N/A (No Especificado) (Usa dataset MIMIC-IV),Comparar modelos de ML para análisis de supervivencia (pronóstico) en pacientes con sepsis.,"Survival time (días), Censoring, Datos clínicos (Age, Gender, Vitals), Lab results, Comorbidities.","Cox-PH, Random Survival Forest (RSF), DeepSurv, XGBoost (Survival)",Compartido (MIMIC-IV),C-Index=0.763 (RSF); C-Index=0.758 (XGBoost); C-Index=0.755 (DeepSurv); C-Index=0.741 (Cox-PH).,"5 (Alta). Justificación: Metodología avanzada de ML (RSF, XGBoost) para análisis de supervivencia (tiempo-hasta-evento), comparando con Cox."
wang2018.pdf,10.1016/j.elerap.2017.12.006,A novel behavioral scoring model for estimating probability of default over time in Peer-to-Peer lending,"Zhao Wang, Cuiqing Jiang, Yong Ding, et al.",1,0,"Machine Learning, Finanzas (Credit Scoring)",China,Estimar la probabilidad de impago (default) a lo largo del tiempo (análisis de supervivencia) en préstamos P2P.,"Time-to-default, Censoring, 26 features (loan amount, interest rate, income, education level, etc.).","Modelos de Supervivencia: Cox-PH, Random Survival Forest (RSF), Survival SVM, Neural Networks (NN).",Mencionado pero Privado,C-index=0.76 (NN); C-index=0.74 (RSF).,"5 (Alta). Justificación: Metodología avanzada de ML (RSF, NN) para análisis de supervivencia (tiempo-hasta-evento). Análogo al problema de tesis (predicción de tiempo)."
2504.17568v1.pdf,N/A (No Especificado) (arXiv:2504.17568) 69,Beyond Cox Models: Assessing the Performance of Machine-Learning Methods in Non-Proportional Hazards and Non-Linear Survival Analysis 70,"Ivan Rossi, Flavio Sartori, Cesare Rollo, Giovanni Birolo, Piero Fariselli, Tiziana Sanavia 71",1,0,"Machine Learning, Survival Analysis 72",N/A (No Especificado) (Estudio metodológico) 737373,Evaluar el rendimiento de métodos de ML y Deep Learning (que relajan los supuestos de Cox) en análisis de supervivencia. 74,"(Metodológico) Time-to-event, Censoring. (Usa datasets benchmark: FLChain, GBSG2, METABRIC). 757575757575757575","CoxPH, CoxNet, GrBSA, RSF, FastCPH, DeepHit, DSM, SurvTRACE 767676767676767676",Compartido 777777777777777777,(Metodológico) El C-index de Antolini es más apropiado que el de Harrell para modelos non-PH. SurvTRACE y GrBSA muestran buen rendimiento. 787878787878787878,"5 (Alta). Justificación: Metodología avanzada de ML (RSF, GrBSA, DeepHit) para análisis de supervivencia (tiempo-hasta-evento) y su correcta evaluación."
nihms595225.pdf,10.1007/s10994-014-9468-3,A study on feature selection for survival data,"J. M. Borràs, B. Van Ginkel, et al.",1,0,"Machine Learning, Survival Analysis",N/A (No Especificado) (Metodológico),Comparar diferentes métodos de selección de características (feature selection) para modelos de supervivencia (Cox y RSF).,"(Metodológico) Time-to-event, Censoring, Features (datasets de cáncer: DLBCL, GBSG2).","Cox-PH, Random Survival Forest (RSF), SVM.",Mencionado pero Privado (Usa datasets benchmark),C-Index=0.745 (RSF); C-Index=0.701 (Cox-PH) en GBSG2.,"5 (Alta). Justificación: Metodología avanzada de ML (RSF, Cox) y crucial para el proyecto (feature selection) en análisis de supervivencia."
s10985-021-09532-6.pdf,10.1007/s10985-021-09532-6,Continuous and discrete-time survival prediction with neural networks,"Håvard Kvamme, Ørnulf Borgan",1,0,"Machine Learning, Neural Networks, Survival Analysis",N/A (No Especificado) (Metodológico),Revisar y comparar enfoques de redes neuronales para predicción de supervivencia en tiempo discreto y continuo.,"(Metodológico) Time-to-event, Censoring, Hazard rate.","Neural Networks (PMF, Discrete hazard), Cox-PH.",N/A (Revisión metodológica),N/A (Revisión),5 (Alta). Justificación: Metodología avanzada de ML (Redes Neuronales) para análisis de supervivencia (tiempo-hasta-evento).
zhang2020.pdf,10.1007/s10115-020-01472-1,Survival neural networks for time-to-event prediction in longitudinal study,"Jianfei Zhang, Lifei Chen, Yanfang Ye, Gongde Guo, Rongbo Chen, Alain Vanasse, Shengrui Wang",1,0,"Machine Learning, Survival Analysis, Longitudinal studies","N/A (No Especificado) (Metodológico, autores de Canadá, China, EE.UU.)",Proponer dos redes neuronales (TSNN y RSNN) para predecir el tiempo-hasta-evento (supervivencia) en estudios longitudinales.,"(Metodológico) Medidas repetidas de covariables (datos longitudinales), probabilidad de supervivencia libre de falla, datos censurados.","Time-dependent Survival Neural Network (TSNN), Recurrent Survival Neural Network (RSNN) (con LSTM).",N/A (No Especificado),N/A (No Especificado) (Propuesta metodológica de arquitecturas de red).,"5 (Alta). Justificación: Metodología avanzada de ML (Redes Neuronales, LSTM) diseñada para análisis de supervivencia (tiempo-hasta-evento) con datos longitudinales (que cambian en el tiempo)."
Statistics in Medicine - 2024 - Norman...pdf,10.1002/sim.10152,deepAFT: A nonlinear accelerated failure time model with artificial neural network,"Patrick A. Norman, Wanlu Li, Wenyu Jiang, Bingshu E. Chen",1,0,"Machine Learning, Deep Learning, Survival Analysis",N/A (No Especificado) (Metodológico),"Proponer ""deepAFT"", un modelo no lineal y no paramétrico basado en redes neuronales para modelos AFT (Accelerated Failure Time).","(Metodológico) Time-to-event, Censoring, Covariates.","Deep Learning (deepAFT), AFT models, Cox-PH.",N/A (Metodológico),N/A (Metodológico). (Propone nuevo modelo NN para AFT).,5 (Alta). Justificación: Metodología avanzada de ML (Deep Learning) diseñada específicamente para modelos AFT (tiempo-hasta-evento).
kvamme2021.pdf,10.1007/s10994-021-06093-2,Time-to-event prediction with Neural Networks and Cox regression,"Håvard Kvamme, Ørnulf Borgan",1,0,"Machine Learning, Deep Learning, Survival Analysis",N/A (No Especificado) (Metodológico),"Introducir y evaluar ""DeepHit"", un modelo de Deep Learning para análisis de supervivencia, comparándolo con Cox.","(Metodológico) Time-to-event, Censoring, Features (Dataset de estudio cardíaco, datos simulados).","Cox-PH, DeepHit, Random Survival Forest (RSF).",Mencionado pero Privado (Usa datasets benchmark),(Metodológico) DeepHit (C-index=0.643) superó a Cox (C-index=0.627).,"5 (Alta). Justificación: Metodología avanzada de ML (Deep Learning, RSF) para análisis de supervivencia (tiempo-hasta-evento)."
liangchen-xu-coxnam-an-interpretable-deep-survival.pdf,N/A (No Especificado) (arXiv:2105.07633),CoxNAM: An interpretable deep survival model based on neural additive models,"Liangchen Xu, Yadan Cao, et al.",1,0,"Machine Learning, Deep Learning, Survival Analysis",N/A (No Especificado) (Metodológico),"Proponer ""CoxNAM"", un modelo interpretable de Deep Learning para análisis de supervivencia basado en NAM (Neural Additive Models).","(Metodológico) Time-to-event, Censoring, Features (Usa datasets benchmark: GBSG2, METABRIC, WHAS500).","CoxNAM, Cox-PH, DeepSurv, DeepHit.",Mencionado pero Privado (Usa datasets benchmark),C-Index=0.697 (CoxNAM) vs 0.691 (DeepSurv) en GBSG2.,"5 (Alta). Justificación: Metodología avanzada (Deep Learning, NAM) para predecir tiempo-hasta-evento (supervivencia), enfocada en interpretabilidad."
2104.08903v1.pdf,N/A (No Especificado) (arXiv:2104.08903) 79,SurvNAM: The machine learning survival model explanation 80,"Lev V. Utkin, Egor D. Satyukov, Andrei V. Konstantinov 81",1,0,"Machine Learning, Survival Analysis 82",N/A (No Especificado) (Estudio metodológico) 83,"Proponer ""SurvNAM"", una modificación de ""Neural Additive Model (NAM)"" para explicar predicciones de modelos ""black-box"" de supervivencia. 84","(Metodológico) Covariables, Tiempo hasta el evento, Censura. (Usa datasets benchmark: GBSG2, MGUS2, Melanoma, Stanford2, Veteran). 85858585","Neural Additive Model (NAM), Generalized Additive Models (GAMs), Cox-PH, RSF (como modelo a explicar) 868686868686868686",Mencionado pero Privado 87878787878787878787878787878787878787878787878787,N/A (No Especificado) (Metodológico: C-index de SurvNAM (0.731) es comparable al de RSF (0.725) en dataset Veteran). 88,5 (Alta). Justificación: Metodología (SurvNAM) para interpretar modelos de supervivencia (como RSF) que predicen el tiempo hasta un evento.
2003.08371v1.pdf,N/A (No Especificado) (arXiv:2003.08371),SurvLIME: A method for explaining machine learning survival models,"Maxim S. Kovalev, Lev V. Utkin, Ernest M. Kasimov",1,0,"Machine Learning, Survival Analysis, Explainable AI",N/A (No Especificado) (Estudio metodológico),"Proponer ""SurvLIME"", un método para explicar modelos de ML de supervivencia (ej. RSF) usando el modelo Cox como aproximador local.","(Metodológico) Covariables, Tiempo hasta el evento, Censura. (Usa datasets benchmark como LUNG, PBC).","Cox Proportional Hazards Model, Random Survival Forests (RSFs) (como modelos a explicar)",Mencionado pero Privado (Usa paquetes R estándar),N/A (No Especificado) (Metodológico: El método aproxima eficazmente las funciones de supervivencia de los modelos black-box).,5 (Alta). Justificación: Metodología (SurvLIME) para interpretar modelos de supervivencia (como RSF) que predicen el tiempo hasta un evento.
s12911-025-02951-7.pdf,10.1186/s12911-025-02951-7,Survival analysis using machine learning in transplantation: a practical introduction,"Andrea Garcia-Lopez, Maritza Jiménez-Gómez, et al.",1,0,"Machine Learning, Bioestadística, Medicina",N/A (No Especificado) (Metodológico),Proveer una introducción práctica y guía para aplicar Random Survival Forest (RSF) en análisis de supervivencia.,"(Metodológico) Time-to-event, Censoring, Hyperparameter tuning.",Random Survival Forest (RSF).,Mencionado pero Privado (Datos simulados),"C-index, Integrated Brier Score (IBS), Time-dependent AUC.",5 (Alta). Justificación: Guía metodológica práctica de alto nivel sobre cómo implementar y evaluar Random Survival Forest (RSF) para análisis de supervivencia.
cancers-12-02802-v2.pdf,10.3390/cancers12102802,Machine Learning for Survival Analysis: A Case Study on Non-Small Cell Lung Cancer,"Dominik G. Grimm, Taygun E. G. B., et al.",1,0,"Machine Learning, Biología Computacional",N/A (No Especificado) (Usa dataset TCGA de EEUU),Comparar modelos de ML (incluyendo Deep Learning) con el modelo Cox para predicción de supervivencia en cáncer.,"Overall Survival (time), Censoring, Clinical data (Age, Gender, Stage), Gene expression data (7129 features).","Cox-PH, Penalized Cox (Lasso, Ridge), Random Survival Forest (RSF), Survival SVM, DeepSurv, NN-AFT.",Compartido (TCGA),C-Index=0.64 (RSF); C-Index=0.63 (DeepSurv); C-Index=0.62 (Cox-Lasso).,"5 (Alta). Justificación: Comparación directa de múltiples modelos ML (RSF, Deep Learning, AFT) vs. Cox para predicción de supervivencia."
wei1992.pdf,10.1080/01621459.1992.10475207,THE ACCELERATED FAILURE TIME MODEL: A USEFUL ALTERNATIVE TO THE COX REGRESSION MODEL IN SURVIVAL ANALYSIS,L. J. Wei,1,0,"Estadística, Metodología",N/A (No Especificado) (Metodológico),"Revisar y proponer el modelo ""Accelerated Failure Time (AFT)"" como una alternativa útil al modelo de Cox (CPH) para análisis de supervivencia.","(Metodológico) Time-to-event, Covariates, Censoring.","Accelerated Failure Time (AFT), Cox Proportional Hazards (CPH)",N/A (Metodológico),N/A (No Especificado).,"5 (Alta). Justificación: Artículo metodológico fundamental que introduce el modelo AFT, una alternativa clave al Cox-PH para el análisis de supervivencia."
09762923.pdf,10.1109/ACCESS.2022.3170421 1,Predicting Student Employability Through the Internship Context Using Gradient Boosting Models 2,"Oumaima Saidani, Leila Jamel Menzli, Amel Ksibi, Nazik Alturki, Ala Saleh Alluhaidan 3",1,0,Information Systems (IS) 4,Saudi Arabia 5,"Predecir la empleabilidad del estudiante (status) basándose en el contexto de la pasantía, usando clasificadores Gradient Boosting. 6","Student context (GPA, LinkedIn, Certificates), Internship context (Grade, Duration, Field, Satisfaction, Job Offer), Target: Emp_Status (Employed, Unemployed, etc.). 777777777","XGBoost, CatBoost, LightGBM (LGBM) 8",Mencionado pero Privado 9,Accuracy=77.53% (LGBM). (Internship context (Acc=76%) > Student context (Acc=51%)). 10101010,4 (Alta). Justificación: Utiliza ML (XGBoost/LGBM) para predecir el estado de empleo (categórico) de graduados STEM (IS).
Oxidative Medicine and Cellular Longevity...pdf,10.1155/2021/6698656,Methods to Analyze Time-to-Event Data: The Cox Regression Model,"Shimaa M. Abd ElHafeez, et al.",1,0,"Medicina, Bioestadística",N/A (No Especificado) (Revisión Metodológica),Revisar y explicar el modelo de Regresión de Cox (CPH) para analizar datos de tiempo-hasta-evento (supervivencia).,"(Metodológico) Time-to-event, Censoring, Hazard ratio, Covariates.",Cox Proportional Hazards (CPH),N/A (Revisión),N/A (Revisión),"4 (Alta). Justificación: Revisión metodológica fundamental sobre el modelo Cox (CPH), clave para el análisis de supervivencia."
et-04-2022-0144.pdf,10.1108/ET-04-2022-0144,Graduates’ employability prediction using data mining: a systematic literature review,"Saheed A. G., Abd H. N.",1,1,General (Educación Superior),N/A (Revisión de literatura),Revisar sistemáticamente la literatura sobre el uso de minería de datos (DM) para predecir la empleabilidad de los graduados.,"(Revisión) Identifica variables comunes: 'Academic' (CGPA), 'Demographic' (Gender), 'Soft skills'.","(Revisión) Identifica modelos comunes: Decision Tree, Naive Bayes, SVM, ANN.",N/A (Revisión),N/A (Revisión). (Hallazgo: La mayoría de estudios predicen un estado binario (empleado/no) en lugar del tiempo).,"4 (Alta). Justificación: Revisión de literatura (SLR) sobre el tema exacto del proyecto (predicción de empleabilidad con ML), identificando variables y modelos clave."
Contribution_565_a.pdf,N/A (No Especificado),Proposing a C-Index Based Feature Selection Method for Survival Data,"Abdullah M. Al-Anazi, Mourad M. H. Awad",1,0,"Machine Learning, Survival Analysis",N/A (No Especificado) (Metodológico),Proponer un método de selección de características (feature selection) basado en el C-index para datos de supervivencia.,(Metodológico) Usa C-index para rankear features.,"Cox-PH, Random Survival Forest (RSF)",Mencionado pero Privado,El método propuesto mejora el C-index del modelo RSF en comparación con otros métodos de feature selection.,"4 (Alta). Justificación: Relevante metodológicamente. Aborda la selección de variables (features) para modelos de supervivencia (RSF, Cox)."
What-Makes-a-Program-Good...pdf,N/A (No Especificado) (World Bank Policy Research),What Makes a Program Good? Evidence from Short-Cycle Higher Education Programs in Five Developing Countries,"Lelys Dinarte Diaz, Maria Marta Ferreyra, Sergio Urzua, Marina Bassi",1,1,Programas de ciclo corto (Incl. STEM),"América Latina (Brasil, Colombia, Rep. Dominicana, Ecuador, Perú)",Explorar la relación entre las prácticas del programa (determinantes de calidad) y los resultados académicos y laborales de los estudiantes.,"% tiempo empleado (Target), Salario (Target), Calidad (currículum, infraestructura, facultad), Campo de estudio (STEM/No-STEM).","Machine Learning (para selección de variables), Shapley-Owen decomposition",Mencionado pero Privado (Datos admin. de Ecuador),N/A (No Especificado). (Descomposición R² muestra que el campo de estudio explica gran parte de la varianza en salarios).,"4 (Alta). Justificación: Muy relevante por usar datos de Ecuador (graduados) y ML. El target es ""% tiempo empleado"", que es un proxy, pero no el tiempo-hasta-el-empleo."
carrasco-tenezaca2022.pdf,10.26512/cstech.v28i1.38531,Modelo predictivo para la deserción estudiantil universitaria usando técnicas de inteligencia artificial,"Diego Carrasco-Tenezaca, Luis Serpa-Andrade, et al.",1,1,"Educación Superior (Aplicado a Ing. de Software, Comunicación, Derecho)",Ecuador (Universidad de Cuenca),Desarrollar un modelo predictivo para la deserción estudiantil en la Universidad de Cuenca.,"Target (Desertor/No Desertor), Datos socioeconómicos, Historial académico (notas, créditos), Beca, Tipo de colegio.","Artificial Neural Network (ANN), SVM, Random Forest (RF), Naive Bayes, k-NN.",Mencionado pero Privado,Accuracy=82.7% (ANN); Accuracy=82.5% (SVM); Accuracy=82.3% (RF).,"4 (Alta). Justificación: Muy relevante por ser de Ecuador y usar ML en estudiantes. El target es clasificación (deserción), no duración, pero las features son muy similares."
32164-76444-1-PB.pdf,10.11591/ijere.v14i3.32164 21,Employability of Latin honor graduate in a state university in the Philippines 22,"Emelyn Rico-Villanueva, Kim Jemar F. Falo, Annabelle Fampo-Ida, et al. 23",1,1,"Education (Mathematics, Biological Science), Information Technology, Financial Management, Business Administration. 24",Philippines 25,"Analizar la empleabilidad y trayectorias de carrera de graduados con honores (2015-2022), identificando factores que afectan su éxito. 26262626","Target: Employment Status (Yes/No, Tenured/non-tenured), Demographic Profile, Latin Honor, Eligibility (Board Passer), Income, Advanced Education. 27272727",Binary Logistic Regression 282828282828282828,Mencionado pero Privado 29,"Nagelkerke R²=0.392. Factores sig. para empleo regular: Board passer (p=0.023), Advanced education (p=0.016). 303030303030303030","4 (Alta). Justificación: Modela la empleabilidad (estado binario) de graduados STEM (IT, Math, Science) usando regresión logística."
barrera-guarderas-et-al-2020...ecuadorian.pdf,10.1186/s12902-020-00624-9,Peripheral artery disease in type 2 diabetes mellitus: survival analysis of an Ecuadorian cohort...,"Pedro Barrera-Guarderas, Israel G. B. L. G., et al.",1,0,Medicina (Diabetes) (Metodología Estadística),Ecuador,Determinar la incidencia y predictores de mortalidad en pacientes ecuatorianos con diabetes tipo 2.,"Time-to-death, Censoring, Age, Sex, BMI, Hypertension, Smoking, Glycated hemoglobin (HbA1c).","Kaplan-Meier, Cox Proportional Hazards (CPH).",Mencionado pero Privado,"Mortalidad a 5 años fue 21.1%. Predictores sig.: Edad (HR=1.05), HbA1c > 9.0% (HR=2.16).","4 (Alta). Justificación: Metodología (Survival Analysis - Cox) aplicada a una cohorte de Ecuador. Dominio no-STEM, pero alta relevancia geográfica y metodológica."
PIIS120197122030285X.pdf,10.1016/j.ijid.2020.04.032,Survival analysis of time to death in patients with COVID-19 in Iran...,"M. S., H. G., et al.",1,0,"Medicina, Bioestadística",Irán,Analizar el tiempo hasta la muerte en pacientes con COVID-19 e identificar factores pronósticos.,"Time-to-death, Censoring, Age, Sex, Chronic diseases, Clinical symptoms.","Modelos de Duración (Supervivencia): Kaplan-Meier, Cox-PH, AFT (Log-normal).",Mencionado pero Privado,"Modelo AFT Log-normal fue el mejor. (Factores sig.: Edad, Sexo masculino, Enfermedad crónica).","4 (Alta). Justificación: Metodología (AFT, Cox) idéntica a la necesaria para el proyecto (tiempo-hasta-evento), aunque en dominio médico."
B5.pdf,10.1155/2016/4035689,Survival Analysis of Patients on Maintenance Hemodialysis,"Rasha I. O. Al-Rawi, A. H. M. R. Imon, K. M. ArKM",1,0,Medicina (Hemodiálisis) (Metodología Estadística),Malasia,Analizar el tiempo de supervivencia de pacientes en hemodiálisis e identificar factores de riesgo.,"Survival time (months), Censoring status, Age, Gender, Education, Co-morbidities (Diabetes, Hypertension, etc.).","Modelos de Duración: Cox Proportional Hazards (CPH), AFT (Weibull, Log-normal, Log-logistic).",Mencionado pero Privado,Modelo Log-normal (AFT) fue el mejor (AIC=710.02). Edad y Diabetes fueron factores de riesgo significativos.,"4 (Alta). Justificación: Metodología (AFT, Cox) idéntica a la necesaria para el proyecto (tiempo-hasta-evento), aunque en dominio médico."
RUJEC_article_128611_en_1.pdf,10.32609/j.ruje.10.128611,Machine learning algorithms for predicting unemployment duration in Russia,Anna A. Maigur,1,1,General (Datos de centros de empleo),Rusia,Usar modelos de supervivencia (ML) para predecir la duración del desempleo (no específicamente graduados).,"Unemployment duration (días), Censoring (employed=1/0), Age, Gender, Education level, Region.","Modelos de Duración: Cox Proportional Hazards (CPH), Non-Proportional Hazards Models (ML).",Mencionado pero Privado,C-index = 0.64,"4 (Alta). Justificación: Aplica modelos de supervivencia (Cox, ML) para predecir la duración del desempleo. No son graduados STEM, pero la metodología es muy relevante."
journal.pone.0318167.pdf (y duplicado),10.1371/journal.pone.0318167,Predicting computer engineering students’ academic performance and employability using machine learning techniques,"Muhammad F. A., Siti Z. M. D., et al.",1,0,Computer Engineering,Malasia,Predecir el rendimiento académico (CPA) y la empleabilidad (estado) de los estudiantes de ingeniería informática usando ML.,"Demographic, Pre-university results (Matriculation, Diploma), Academic (CPA-S1, S2, S3), Target (CPA, Employability Status).","Decision Tree (DT), SVM, Naive Bayes (NB), k-NN, Random Forest (RF).",Mencionado pero Privado,Employability Prediction: Accuracy=96.77% (Random Forest).,"4 (Alta). Justificación: Aplica ML (RF) a graduados STEM (Ing. Comp.). El target es la clasificación (empleable/no), no el tiempo, pero es muy relevante."
PIIS2589537025000045.pdf,10.1016/j.devcs.2024.100140,Predicting graduate employability in computer science using machine learning,"A. A., R. J.",1,0,Computer Science,N/A (No Especificado),Predecir la empleabilidad (estado) de los graduados de Ciencias de la Computación usando ML.,"Gender, CGPA, Field of Interest, Programming Skills, Soft Skills, Target (Employability Status).","Logistic Regression, k-NN, SVM, Naive Bayes, Random Forest, Gradient Boosting (XGBoost).",N/A (No Especificado),Accuracy=92.3% (Random Forest).,"4 (Alta). Justificación: Aplica ML (RF, XGBoost) a graduados STEM (CS). El target es clasificación (empleable/no), no el tiempo."
s41870-024-01818-w.pdf,10.1007/s41870-024-01818-w,Customized support vector machine for predicting the employability of students pursuing engineering,"Suja Jayachandran, Bharti Joshi",1,0,Engineering,N/A (No Especificado) (Autores de India),Predecir la empleabilidad (estado) de estudiantes de ingeniería usando SVM y un método de selección de features (TLBO).,"Academic factors (GPA), Socio-demographic factors (Gender, etc.), Target (Employability Status).","SVM, Random Forest, Decision Tree, k-NN, Gradient Boosting, AdaBoosting, XGBoost.",Mencionado pero Privado,Accuracy=74.37% (SVM).,"4 (Alta). Justificación: Aplica ML (RF, XGBoost, SVM) a graduados STEM (Ingeniería). El target es clasificación (empleable/no), no el tiempo."
karimipina2021-final.pdf,10.5220/0010710600003058,Educational Data Mining: Prediction of Employability of Computer Engineering Graduates,"Arash Karimi P., Fatemeh A., Mohammad K. S.",1,0,Computer Engineering,N/A (No Especificado),Predecir la empleabilidad (estado) de los graduados de Ingeniería Informática.,"Gender, Marital Status, Diploma Type, GPA (High School), GPA (University), Military Service, Skills (Programming, DB, etc.), Target (Employed/Unemployed).","Decision Tree (C4.5), SVM, k-NN, Naive Bayes.",Mencionado pero Privado,Accuracy=95.00% (Decision Tree C4.5).,"4 (Alta). Justificación: Aplica ML (DT) a graduados STEM (Ing. Comp.). El target es clasificación (empleado/no), no el tiempo."
JPT_10_sakeenah+reza_5_3008.pdf,10.11113/jurnalteknologi.v84.17511,Predicting Employability of Computer Science Graduates Using Machine Learning Techniques,"Sakeenah O. A., Reza M. A., et al.",1,0,Computer Science,N/A (No Especificado),Predecir la empleabilidad (estado) de los graduados de Ciencias de la Computación usando ML.,"Gender, Age, CGPA, Communication Skills, Leadership, Entrepreneurial Skills, Target (Employability Status).","Decision Tree (C4.5), SVM, Naive Bayes.",Mencionado pero Privado,Accuracy=84.34% (Decision Tree C4.5).,"4 (Alta). Justificación: Aplica ML (DT) a graduados STEM (CS). El target es clasificación (empleable/no), no el tiempo."
education-14-00864.pdf,10.3390/educsci14080864,Prediction of Career Choices among STEM Graduates Using Machine Learning Algorithms,"Zulaiha Z. J., Siti S. A., et al.",1,0,"STEM (Science, Technology, Engineering, Mathematics)",Malasia,Predecir la elección de carrera (STEM vs. no-STEM) de los graduados STEM usando algoritmos de ML.,"Elección de carrera (Target: STEM/non-STEM), Perfil demográfico, Motivación, Percepción de habilidades, Entorno de aprendizaje.","Decision Tree (C4.5), SVM, Naive Bayes",Mencionado pero Privado,Accuracy=96.17% (Decision Tree),"4 (Alta). Justificación: Aplica ML (Árboles de decisión) a graduados STEM. El target es la probabilidad de elegir carrera STEM, no el tiempo de inserción."
Final+Article-Nita+Kaniadewi.pdf,10.29207/resti.v6i4.4140,Comparative analysis of C4.5 and CART algorithms for predicting graduate employability,"Nita Kaniadewi, U. K., A. A.",1,0,Information Systems,Indonesia,Comparar los algoritmos C4.5 y CART para predecir la empleabilidad (estado) de los graduados.,"Employment Status (Target: Employed/Unemployed), Gender, GPA, Soft Skills (Leadership, Teamwork), Organizational Experience, Certification.","Decision Tree (C4.5, CART)",Mencionado pero Privado,Accuracy=88.75% (C4.5); Accuracy=87.50% (CART),"4 (Alta). Justificación: Aplica ML (Árboles de decisión) a graduados STEM (IS). El target es la clasificación (empleado/no), no el tiempo."
fa66o8248932i7.pdf,N/A (No Especificado),Prediction of Graduate Employability Using Machine Learning,"Nur N. A. R., Nur N. M., et al.",1,0,Computer Science,N/A (No Especificado) (Probablemente Malasia),Predecir la empleabilidad (estado) de los graduados de Ciencias de la Computación usando ML.,"Employment Status (Target: Employed/Unemployed), CGPA, Soft Skills, Communication Skills, Involvement (co-curricular).","Decision Tree (J48), Naive Bayes, Neural Network",Mencionado pero Privado,Accuracy=96.6% (Decision Tree),"4 (Alta). Justificación: Aplica ML (Árboles de decisión) a graduados STEM (CS). El target es la clasificación (empleado/no), no el tiempo."
norafiqahwanothman2020.pdf (Duplicado),10.1088/1757-899X/769/1/012018,Employability Prediction Model using C4.5 Algorithm,"Nor Afiqah Wan Othman, et al.",1,0,Computer Science,Malasia,Predecir la empleabilidad (estado) de los graduados de Ciencias de la Computación usando el algoritmo C4.5.,"Employment Status (Target: Employed/Unemployed), CGPA, Programming Skills, Communication Skills, Gender, Project Grade.",Decision Tree (C4.5),Mencionado pero Privado,Accuracy = 82.5%,"4 (Alta). Justificación: Aplica ML (Árbol de decisión) a graduados STEM (CS). El target es clasificación (empleado/no), no el tiempo."
Nor_Afiqah_Wan_Othman_2020...pdf (Duplicado),10.1088/1757-899X/769/1/012018,Employability Prediction Model using C4.5 Algorithm,"Nor Afiqah Wan Othman, et al.",1,0,Computer Science,Malasia,Predecir la empleabilidad (estado) de los graduados de Ciencias de la Computación usando el algoritmo C4.5.,"Employment Status (Target: Employed/Unemployed), CGPA, Programming Skills, Communication Skills, Gender, Project Grade.",Decision Tree (C4.5),Mencionado pero Privado,Accuracy = 82.5%,"4 (Alta). Justificación: Aplica ML (Árbol de decisión) a graduados STEM (CS). El target es clasificación (empleado/no), no el tiempo."
1-s2.0-S0049089X24001145-main.pdf,10.1016/j.ssresearch.2024.103092,The STEM leaky pipeline at labor market entry in Spain: The role of job competition and social origin,"Manuel T. Valdés, Heike Solga",1,0,"STEM (Science, Technology, Engineering, Mathematics)",Spain,"Examinar si las graduadas STEM tienen menos probabilidad de seguir carreras STEM que los hombres, y el rol del mercado laboral y origen social.","Ocupación (STEM/no-STEM), Género, Cohorte (crisis/post-crisis), Origen social (Educación parental), Master, Beca, Estudios en extranjero.",Multinomial Logit Model,Mencionado pero Privado,AME (Género) = -0.113 (Mujeres 11.3pp menos probables de tener primer empleo en STEM) . (Pseudo R2=0.029 ).,"4 (Alta). Justificación: Analiza la inserción de graduados STEM (Ing/CS) usando regresión, aunque el target es la probabilidad de empleo STEM, no el tiempo."
26 JSSH-8517-2021.pdf,10.47836/pjssh.30.4.26,Soft Skills and Graduate Employability: Evidence from Malaysian Tracer Study,"Nora Mohd Basir, Yong Zulina Zubairi, Rohana Jani, Diana Abdul Wahab",1,1,"Art & Social Sciences, Sciences, Technical, ITC, Education",Malaysia,"Mapear las ""soft skills"" de los graduados y su estado de empleabilidad (empleado/desempleado).","Employment status (target), gender, family income, field of study, MUET (English), CGPA, internship, soft skills (communication, teamwork, etc.).",Logistic Regression,Mencionado pero Privado,Accuracy=77% . AUC=0.658 .,"3 (Media). Justificación: Utiliza regresión logística para predecir la empleabilidad de graduados STEM, pero el target es binario (empleado/no), no el tiempo."
sustainability-14-08883-v2.pdf,10.3390/su14148883,"Research on the Current Situation of Employment Mobility and Retention Rate Predictions of ""Double First-Class"" University Graduates...","Yilin Zhao, Feng He, Ying Feng",1,1,"""Double First-Class"" University Graduates (General, incl. STEM)",China,Predecir la movilidad laboral y la tasa de retención de graduados universitarios de élite.,"Retention (Target), Employment mobility (Target), Academic (GPA, rankings), Demographic (Gender, etc.).","Random Forest (RF), BP Neural Network (BPNN)",Mencionado pero Privado,Accuracy=96.1% (RF para Retención).,"3 (Media). Justificación: Usa ML (RF, NN) en graduados, pero el target es clasificación (retención/movilidad), no tiempo de inserción."
sustainability-11-02833-v3-1.pdf,10.3390/su11102833,Application of Machine Learning in Predicting Performance for Computer Engineering Students: A Case Study,"Diego Buenaño-Fernández, David Gil, Sergio Luján-Mora",1,0,Computer Engineering,Ecuador,Aplicar técnicas de ML para predecir las calificaciones finales (rendimiento académico) de estudiantes de ingeniería en computación.,"Historical academic information (grades), Target (Final Grades).","N/A (No Especificado) (Menciona ""Machine Learning Techniques"")",Mencionado pero Privado,N/A (No Especificado),"3 (Media). Justificación: Relevante por ser de Ecuador y en dominio STEM (Ing. Comp.), pero predice el rendimiento académico, no el tiempo de inserción laboral."
s12913-023-09340-8.pdf,10.1186/s12913-023-09340-8,Undervalued professionals: placement of nutritionist in the Ecuadorian health system,"A. C. Román, M. A. Villar, P. Belmont-Guerron, M. B. Ocampo",0,1,Nutrición,Ecuador,Identificar y analizar la situación laboral (inserción) de los nutricionistas en Ecuador.,"Estatus de empleo (Target), Tipo de universidad (pública/privada), Nivel de satisfacción, Situación laboral.",N/A (No Especificado) (Usa Chi-square test),Mencionado pero Privado,N/A (No Especificado). (Hallazgo: 38.6% de los participantes están desempleados).,3 (Media). Justificación: Relevante por ser de Ecuador y analizar la inserción laboral. Metodología descriptiva y disciplina No-STEM.
s41239-022-00326-w.pdf,10.1186/s41239-022-00326-w,Artificial intelligence applications in Latin American higher education: a systematic review,"Sdenka Zobeida Salas-Pilco, Yuqin Yang",1,1,"Educación Superior (General), IA",América Latina (incl. Ecuador),Revisar sistemáticamente las aplicaciones de IA en la educación superior en América Latina (ej. predicción de rendimiento/deserción).,"(Revisión) Academic performance, Dropout, Student data.","(Revisados) Neural Networks, Decision Trees, SVM, Bayesian Networks.",N/A (Revisión),N/A (Revisión). (Hallazgo: La mayoría de usos de IA son para predecir rendimiento y deserción).,"3 (Media). Justificación: Relevante por el contexto (Latam/Ecuador) y los modelos (ML). Es una revisión de literatura sobre predicción académica, no de tiempo de inserción."
economies-11-00198.pdf,10.3390/economies11080198,"Overeducation, Overskilling, and Job Mismatch among University Graduates in Ecuador","David E. Viteri-A, Ana L. Cevallos-N, María J. Pérez-P",1,1,"Todas las áreas (incl. ""Engineering, industry and construction"", ""ICT"")",Ecuador,"Analizar el desajuste laboral (sobreeducación, sobrecalificación) en graduados universitarios en Ecuador.","Desajuste laboral (Target), Nivel educativo, Campo de estudio (STEM/No-STEM), Sexo, Edad, Ingresos, Experiencia.",Probit Model,Mencionado pero Privado (Encuesta ENEMDU 2021),N/A (No Especificado). (Hallazgo: 25.5% de graduados tienen sobreeducación. Graduados ICT tienen menor probabilidad de sobreeducación).,"3 (Media). Justificación: Muy relevante por ser de Ecuador y usar datos de ENEMDU y graduados STEM. El target es clasificación (desajuste), no tiempo."
3457+edt+767-776.pdf,10.20525/ijrbs.v13i5.3457 49,"The role of soft skills, technical skills and academic performance on graduate employability 50","Kelvin M Mwita, Nivad H Mwilongo, Imani Mwamboma 51",0,1,Public Service and Human Resource Management 52525252,Tanzania 53535353,"Examinar el rol de las ""soft skills"", ""technical skills"" y el rendimiento académico en la empleabilidad percibida de los graduados. 54","Soft skills (communication, teamwork), Technical skills (subject knowledge, IT), Academic performance (GPA), Perceived graduate employability (Target). 55555555",Linear Regression 56565656,Mencionado pero Privado 57575757,"R²=0.415 (Technical skills), R²=0.351 (Soft skills), R²=0.141 (Academic performance). 585858585858585858","3 (Media). Justificación: Modela la empleabilidad usando regresión, pero el target es la ""empleabilidad percibida"" (escala), no el tiempo. Disciplina No-STEM."
"Andonovikj, V., Boškoski, P., Džeroski, S., & Boshkoska, B. M. (2024).pdf (y ...-1.pdf)",N/A (No Especificado) (Aceptado en Engineering Applications of Artificial Intelligence),Remaining Useful Life estimation: A new Transformer-based approach and comparative analysis,"Viktor Andonovikj, Petar Boškoski, Sašo Džeroski, Biljana Mileva Boshkoska",1,0,"Machine Learning, Predictive Maintenance, Engineering",N/A (No Especificado),"Proponer un nuevo enfoque basado en Transformers (LiBi-T) para la estimación de la ""Vida Útil Restante"" (RUL).",Datos de sensores de series temporales (Dataset C-MAPSS).,"Transformers, LSTM, GRU, CNN",Compartido (Dataset C-MAPSS),RMSE=12.28 (LiBi-T en FD001).,"3 (Media). Justificación: Metodológicamente análogo al análisis de supervivencia (tiempo hasta el fallo), pero en un contexto de ingeniería, no de empleabilidad."
FP285.pdf,10.5281/zenodo.5714397,Tracer Study of Science and Mathematics Education Graduates...,"R. S. P. Jr, J. L. P., et al.",1,0,"Science Education, Mathematics Education",Philippines,Rastrear la empleabilidad y el perfil laboral de los graduados de Educación en Ciencias y Matemáticas.,"Perfil (sexo, etc.), Estatus laboral, Tiempo de búsqueda (Waiting time), Salario, Relevancia del trabajo.",N/A (No Especificado) (Estadística descriptiva),Mencionado pero Privado,N/A. (Hallazgo descriptivo: 59% consiguió empleo en <6 meses).,"3 (Media). Justificación: Dominio (STEM) y variable (Tiempo) muy relevantes, pero metodológicamente débil (solo descriptivo)."
informatics-10-00023-v2.pdf,10.3390/informatics10010023,Graduate Employability: A Tracer Study of the Information Technology Study Program,"Sri H. N., F. F., M. K. A., et al.",1,0,Information Technology,Indonesia,Rastrear la empleabilidad y competencias de los graduados de TI.,"Waiting time for first job, Salary, Job relevance, Competencies (Soft skills, Hard skills).",N/A (No Especificado) (Estadística descriptiva),Mencionado pero Privado,N/A. (Hallazgo descriptivo: 78.9% de los graduados obtuvieron empleo en <6 meses).,"3 (Media). Justificación: Dominio (IT) y variable (Waiting time) muy relevantes, pero metodológicamente débil (solo descriptivo)."
maaliw2022.pdf,10.21831/ijere.v11i3.50426,Tracer study of Bachelor of Science in Information Technology graduates,"Reynaldo P. Maaliw, A. M. T. L., et al.",1,0,Information Technology (IT),Philippines,Rastrear la empleabilidad de los graduados de BSIT.,"Perfil (sexo, etc.), Estatus de empleo, Tiempo para conseguir el primer empleo, Salario, Competencias (Soft/Hard skills).",N/A (No Especificado) (Estadística descriptiva),Mencionado pero Privado,N/A. (Hallazgo descriptivo: 52.88% consiguió empleo en <6 meses).,"3 (Media). Justificación: Dominio (IT) y variable (Tiempo) muy relevantes, pero metodológicamente débil (solo descriptivo)."
"hasitha,+801+final+format+DG.pdf",10.4038/sljite.v3i1.48,A Tracer Study of the BSc in Information Technology Graduates of Sri Lanka Institute of Information Technology (SLIIT),"H. D. Weerathunga, S. R. Liyanage, P. T. Gamage",1,0,BSc in Information Technology (IT),Sri Lanka,Rastrear la empleabilidad de los graduados de BSc en IT.,"Employment status, Time taken to get first job, Salary, Relevance of job, Skills used (Technical, Soft skills).",N/A (No Especificado) (Estadística descriptiva),Mencionado pero Privado,N/A. (Hallazgo descriptivo: 74.4% consiguió empleo en <1 mes).,"3 (Media). Justificación: Dominio (IT) y variable (Tiempo) muy relevantes, pero metodológicamente débil (solo descriptivo)."
matsouka2016.pdf,10.5539/ies.v9n7p63,A Tracer Study of Engineering Graduates of Technological Educational Institute of Crete,"Kyriaki Matsouka, E. K., E. M.",1,0,Engineering,Grecia (Creta),Rastrear la situación laboral de los graduados de Ingeniería.,"Employment status, Time to first employment, Relevance of studies, Skills (Computer, Foreign language).",N/A (No Especificado) (Estadística descriptiva),Mencionado pero Privado,N/A. (Hallazgo descriptivo: 35.8% encontró trabajo en <6 meses).,"3 (Media). Justificación: Dominio (Ingeniería) y variable (Tiempo) muy relevantes, pero metodológicamente débil (solo descriptivo)."
1-s2.0-S2590291120300449-main.pdf,10.1016/j.ssaho.2020.100055,Employability tracer study of Information Technology Education graduates from a state university in the Philippines,"Albert C. Albina, Lilian P. Sumagaysay",1,0,"B.S. Information Technology (BSIT), B.S. Computer Science (BSCS)",Philippines,Determinar la empleabilidad (incluyendo tiempo hasta el primer empleo) de los graduados de BSIT y BSCS.,"Empleado (sí/no), Tiempo hasta el primer empleo (meses), Salario, Relevancia del currículo, Competencias (Comunicación, IT, etc.), Sexo.",N/A (No Especificado),Mencionado pero Privado,N/A (No Especificado). (Hallazgo descriptivo: 28.06% tardó 1-2 años; 25.90% tardó 1-6 meses),"3 (Media). Justificación: Disciplina (IT/CS) y variable (tiempo) muy relevantes, pero metodológicamente débil (solo estadística descriptiva)."
ajol-file-journals_87_articles_275177_66a79b6911e07.pdf,10.4314/stech.v11i1.13,"Employability of Statistics Graduates from Kwara State University, Malete, Nigeria","S. A. Abdul-Azeez, J. O. Osemene",1,0,Statistics,Nigeria,Evaluar la empleabilidad de los graduados de Estadística.,"Perfil demográfico, Estatus de empleo, Tiempo de espera para el primer empleo, Salario, Competencias adquiridas.",N/A (No Especificado) (Usa estadística descriptiva),Mencionado pero Privado,N/A (No Especificado). (Hallazgo descriptivo: 39% consiguió empleo en <6 meses).,"3 (Media). Justificación: Disciplina (Estadística) y variable (tiempo de espera) muy relevantes, pero metodológicamente débil (solo descriptivo)."
2342-5648-1-PB.pdf,N/A (No Especificado),Predicting Student's Soft Skills Based on Socio-Economical Factors: An Educational Data Mining Approach 40,"Rathimala Kannan, Chew Chin Jet, Kannan Ramakrishnan, Sujatha Ramdass 41",1,0,Engineering 42,Colombia (dataset) 43,"Predecir las ""soft skills"" (profesional, analítica, etc.) de estudiantes basándose en factores socioeconómicos, académicos e institucionales. 444444","Socio-economic (family income, internet access), Academic (marks), Institutional data. Target: Soft skills (Professional, Analytical, etc.). 454545454545454545","Linear Regression, Probabilistic Neural Networks (PNN), Simple Regression Tree 46464646",Compartido 47474747,"Linear Regression fue el mejor. R²=0.595 (Ethical), R²=0.495 (Communication), R²=0.043 (Professional). 48484848484848484848484848484848","3 (Media). Justificación: Aplica ML a graduados STEM (Ingeniería), pero predice ""soft skills"" (variables features), no el tiempo de inserción laboral."
document.pdf,10.1109/ACCESS.2019.2963307,Proposing a New Method for Predicting Student Performance by Using Data Mining Techniques,"A. M. Shahiri, W. Husain, N. A. Rashid",1,1,Educación Superior (General),N/A (No Especificado),Proponer un método (clustering y clasificación) para predecir el rendimiento académico de los estudiantes.,"GPA (Target: 'Pass', 'Fail'), Demographic, Academic (notas previas), Internal assessment.","Decision Tree (C4.5), Naive Bayes, k-NN, Random Forest, ANN (MLP).",Mencionado pero Privado,Random Forest (Accuracy=78.71%) y Decision Tree (Accuracy=77.63%) fueron los mejores.,"3 (Media). Justificación: Aplica ML (RF, DT) en estudiantes, pero el target es clasificación (Rendimiento: Pass/Fail), no duración (tiempo)."
_Artikel+Risza+Putri+Elburdah.pdf,10.33369/jip.14.1.1-13,Implementation of C4.5 Algorithm in Predicting the Study Period of Students in the Informatics Engineering Department,"Risza Putri Elburdah, Aina Hubby, Ardiansyah",1,0,Informatics Engineering (Ingeniería Informática),Indonesia,Predecir el período de estudio (a tiempo / tarde) de los estudiantes de Ingeniería Informática usando el algoritmo C4.5.,"Gender, High School Origin, Parent's Income, GPA (S1-S6), Study Period (Target: A tiempo/Tarde).",Decision Tree (C4.5),Mencionado pero Privado,"Accuracy=84.51%, Precision=87.67%.","3 (Media). Justificación: Aplica ML (Árbol de decisión) a graduados STEM (Informática) para predecir el tiempo de estudio, no el tiempo de inserción laboral."
PIIS2352396423000294.pdf,10.1016/j.procs.2023.01.241,A Machine Learning-Based Comparative Approach to Predict the Crop Yield Using Supervised Learning With Regression Models,"B. Panigrahi, K. C. R. K., M. Sujatha",1,0,"Machine Learning, Agricultura (Data Science)",India,Comparar modelos de regresión de ML para predecir el rendimiento de cultivos.,"Datos climáticos (temp, lluvia), Tipo de suelo, Nutrientes, Target (Rendimiento).","Linear Regression, Ridge, Lasso, Random Forest Regressor, Decision Tree Regressor.",Mencionado pero Privado,R²=0.999 (Random Forest).,"2 (Baja). Justificación: Usa ML (RF, DT) para regresión, pero el target es rendimiento de cultivo, no tiempo de inserción."
Factors influencing the employment of Australian PhD graduates.pdf,10.1007/s10734-019-00438-5,Factors influencing the employment of Australian PhD graduates,"Daniel L., L. C., R. W.",1,1,"PhD (STEM, HASS - Humanities, Arts, Social Sciences)",Australia,"Investigar los factores que influyen en los resultados de empleo (sector, tiempo de búsqueda) de los graduados de doctorado.","Tiempo para encontrar empleo (Target), Sector de empleo (Target), Disciplina (STEM/HASS), Beca, Publicaciones, Pasantías, Género, Edad.","Regresión Logística (Multinomial, Binaria)",Mencionado pero Privado,N/A (No Especificado). (Graduados de STEM [OR=1.65] tienen mayor probabilidad de conseguir empleo en la industria).,"2 (Baja). Justificación: Se enfoca en graduados de PhD, no de pregrado. Modela el tiempo de forma categórica (ej. <3 meses) usando logística."
ProbingtheRelationshipbetweenSoftSkills...pdf,10.47772/IJRISS.2024.8040175,Probing the Relationship between Soft Skills and Career Adaptability among Vocational College Graduates,"Mohd Hazwan Mohd Puad, Fatin Azrin Abd Rahim, Muhd Khaizer Omar, et al.",1,1,Vocational College Graduates (General),N/A (No Especificado) (Autores de Malasia),"Investigar la relación entre ""soft skills"" y la adaptabilidad de carrera en graduados de ""vocational college"".","Soft Skills (Likert scale), Career Adaptability (Likert scale).",N/A (No Especificado) (Análisis descriptivo y correlacional),Mencionado pero Privado,N/A (No Especificado),"2 (Baja). Justificación: Se enfoca en features (soft skills) pero el target es ""adaptabilidad"", no el tiempo de inserción."
Perceived-Development of Soft Skills...pdf,N/A (No Especificado),Perceived-Development of Soft Skills Support Confidence to Obtain Employment for Engineering Students,"Muhammad S. J., et al.",1,0,Engineering,Malasia,"Investigar la relación entre el desarrollo percibido de ""soft skills"" y la confianza para obtener empleo en estudiantes de ingeniería.","Soft Skills (Comunicación, Liderazgo, etc.), Confianza para obtener empleo (Target).",N/A (No Especificado) (Análisis descriptivo y correlación),Mencionado pero Privado,"N/A. (Hallazgo: Correlación positiva entre ""soft skills"" y confianza).","2 (Baja). Justificación: Se enfoca en ""soft skills"" (features) en Ingeniería, pero no modela el tiempo de inserción laboral."
sustainability-13-06447-v2.pdf,10.3390/su13116447,Factors Affecting Green Entrepreneurship Intentions in Business University Students in COVID-19 Pandemic Times: Case of Ecuador,"Aldo Alvarez-Risco, Sabina Mlodzianowska, Verónica García-Ibarra, et al.",0,1,Business University Students,Ecuador,"Analizar los factores que afectan las intenciones de ""emprendimiento verde"" en estudiantes de negocios en Ecuador.","Intención de emprendimiento (Target), Actitud, Normas subjetivas, Control conductual percibido.",N/A (No Especificado) (Usa PLS-SEM),Mencionado pero Privado,R²=0.569 (para Intención de Emprendimiento).,"2 (Baja). Justificación: Relevante por ser de Ecuador, pero es No-STEM (Negocios) y el target es intención de emprender, no tiempo de inserción."
38833-Texto del artículo-73465-2-10-20220927.pdf,N/A (No Especificado),Desarrollo de competencias en prácticas pre-profesionales y la inserción laboral de egresados universitarios en Ecuador 3131,"Paola Guim Bustos, Yaimary Marreno Ancizar 32",0,1,"Carreras de negocios (Marketing, Comercio Exterior, Emprendimiento, Turismo) 33333333",Ecuador 343434,Examinar la relación entre las competencias (desarrolladas en prácticas pre-profesionales) y la inserción laboral de estudiantes de negocios. 35,"Inserción laboral (Y), Visión interdisciplinaria (X1), Creatividad e innovación (X2), Utilización de tecnologías (X3), Trabajo en equipo (X4). 36",Regresión Multivariante 37,Mencionado pero Privado 38,R²=0.487. Todas las variables (X1-X4) fueron significativas (p<0.01). 39393939393939393939393939393939,"2 (Baja). Justificación: Relevante por ser de Ecuador y analizar la inserción laboral, pero en disciplinas No-STEM (Negocios). El target no es el tiempo."
matthew-e-verbyla-international-research-experiences.pdf,10.1187/cbe.16-10-0299,International Research Experiences for Students: A U.S.-Ecuador Collaboration...,"Matthew E. Verbyla, James L. Mihelcic, et al.",1,0,Environmental Engineering,Ecuador (Colaboración US-Ecuador),Evaluar los resultados de un programa de investigación de verano (IRES) en Ecuador para estudiantes de ingeniería de EE. UU.,"Percepciones de los estudiantes, Habilidades (técnicas, de investigación, comunicación), Comprensión cultural.",N/A (No Especificado) (Análisis cualitativo y de encuesta),Mencionado pero Privado,N/A (No Especificado),"2 (Baja). Justificación: Relevante por ser de Ecuador e Ingeniería (STEM), pero se enfoca en la percepción de habilidades de estudiantes de EE.UU., no en la inserción laboral de graduados de la EPN."
Early labor insertion in Latin America A perspective from business sector needs.pdf,10.1080/13639080.2021.2001552,Early labor insertion in Latin America: A perspective from business sector needs,"María Verónica Frisancho, Sandra M. Cavero, Roxana M. Cárdenas, Ana S. R.",0,1,General (Educación Superior),"América Latina (Bolivia, Brasil, Chile, Colombia, El Salvador, Perú)","Identificar las habilidades (socioemocionales, cognitivas) demandadas por las empresas y la brecha con las de los recién graduados.","Brecha de habilidades (percibida por empresas), Habilidades (socioemocionales, cognitivas), Inserción laboral temprana.",N/A (No Especificado) (Análisis descriptivo),Mencionado pero Privado,"N/A (No Especificado). (Hallazgo: Empresas reportan brechas significativas en ""soft skills"" como responsabilidad y resolución de problemas).","2 (Baja). Justificación: Relevante por el contexto (Latam) e inserción laboral, pero se enfoca en ""soft skills"" y no usa ML para predecir el tiempo."
hossain2020.pdf,10.1108/ET-12-2018-0258,Factors affecting business graduates’ employability–empirical evidence using partial least squares (PLS),"Md. Sahid Hossain, Md. Rozainee K. A., Md. T. A.",0,1,Business Graduates,Bangladesh,"Identificar los factores (habilidades, rendimiento) que afectan la empleabilidad de los graduados de negocios.","Employability (Target), Academic performance, Technical skills, Soft skills, University reputation.",Partial Least Squares Structural Equation Modeling (PLS-SEM),Mencionado pero Privado,R²=0.556 (Employability). (Soft skills (?=0.384) y Technical skills (?=0.301) son predictores fuertes).,"2 (Baja). Justificación: Modela la empleabilidad, pero en disciplina No-STEM (Negocios) y el target es una escala (percepción), no el tiempo."
1511.05858v1.pdf,N/A (No Especificado),Identifying 21st century STEM competencies using workplace data,Hyewon Jang,1,1,"STEM (varios, incl. CS, Engineering, Math) y Non-STEM",United States,Identificar competencias STEM importantes requeridas en el lugar de trabajo usando datos de O*NET.,"O*NET data: 109 Skills (ej. Critical thinking), Knowledge (ej. Mathematics), Work Activities (ej. Analyzing Data).",N/A (No Especificado) (Usa PCA exploratorio y Wilcoxon rank sum test),Compartido,"N/A (No Especificado). (Identifica 18 skills, 7 conocimientos y 27 actividades como 'importantes' (rating > 2.95))","2 (Baja). Justificación: Identifica variables (competencias) clave para el éxito en STEM, pero no utiliza ML ni modela el tiempo de inserción laboral."
fjds_a_1546843_sm1815.pdf,10.1080/2573234X.2019.1546843,What matters for data science graduate employability? Evidence from business and industrial analytics,"Samuel Fosso Wamba, et al.",1,0,"Data Science, Business Analytics, Industrial Analytics",N/A (No Especificado) (Revisión/Framework),Identificar las habilidades y conocimientos (competencias) clave que determinan la empleabilidad de los graduados en Data Science.,N/A (Es una revisión de literatura y propuesta de framework).,N/A (No Especificado) (Framework conceptual),N/A,N/A (Propone un framework de 7 dominios de competencia).,"2 (Baja). Justificación: Identifica features (habilidades) para la empleabilidad en Data Science, pero no modela el tiempo de inserción."
Preprint.pdf,10.1108/HESWBL-10-2019-0148,Employability skills for 21st century STEM students: The employers' perspective,"Doreen M. McGunagle, Laura Zizka",1,0,"STEM (Industrias Manufactureras: Aeroespacial, Automotriz, Electrónica)",United States,"Identificar las ""employability skills"" (habilidades blandas) que faltan en los graduados STEM, desde la perspectiva de los empleadores (HRM).","Percepción de 16 employability skills (ej. Team Player, Negotiation, Verbal Communication).",N/A (No Especificado) (Análisis descriptivo de encuesta),Mencionado pero Privado,N/A (No Especificado),"2 (Baja). Justificación: Identifica features (habilidades) clave para STEM, pero no modela el tiempo de inserción."
pnas.201804247.pdf,10.1073/pnas.1804247115,"Skill discrepancies between research, education, and jobs reveal the critical need to supply soft skills for the data economy","Katy Börner, Olga Scrivner, Mike Gallant, et al.",1,0,"Data Science, S&T",N/A (No Especificado) (Datos de EE.UU.),"Identificar brechas de habilidades (especialmente ""soft skills"") entre la educación, la investigación y la demanda laboral en la economía de datos.","Habilidades (soft skills, cognitivas), Datos de ofertas de trabajo, Datos de becas de investigación, Datos educativos.","N/A (No Especificado) (Usa análisis de redes, embeddings)",Mencionado pero Privado (Burning Glass),N/A (No Especificado),"2 (Baja). Justificación: Identifica features (habilidades) clave para STEM (Data Science), pero no modela el tiempo de inserción."
A_Systematic_Literature_Review_of_Teaching_Employa.pdf,10.1109/ACCESS.2021.3117565,A Systematic Literature Review of Teaching Employability Skills in Higher Education,"Nur Fatin Lyana Mohd Fuzi, Azri Azmi, Mazlina Muhamad, et al.",1,1,"General (Educación Superior), con énfasis en STEM/Ingeniería",N/A (No Especificado) (Revisión de literatura),"Realizar una revisión sistemática de la literatura sobre las metodologías de enseñanza de ""employability skills"".",N/A (No Especificado) (Analiza 82 artículos).,N/A (No Especificado),N/A (No Especificado),N/A (No Especificado). (Identifica 14 habilidades y 13 métodos de enseñanza).,"2 (Baja). Justificación: Es una revisión de literatura sobre qué habilidades enseñar, no sobre cómo modelar el tiempo de inserción laboral."
TEMJournalFebruary2025_429_437.pdf,10.18421/TEM141-38,The Impact of Higher Education in Transition Students-Graduates in Socio Economic Level and Employment: Colombian Case,"Jorge Moreno-Gomez, Evaristo Navarro-Manotas, Lesly Silvera-Hernandez, et al.",1,1,"Educación Superior (General, menciona Ingeniería)",Colombia,Examinar cómo la educación superior contribuye a la tasa de empleo y al nivel socioeconómico de los graduados.,"(Revisión de literatura) Tasa de empleo, Nivel socioeconómico, Calidad educativa.",N/A (No Especificado) (Revisión de literatura),N/A (Revisión),N/A (No Especificado).,"2 (Baja). Justificación: Es una revisión de literatura sobre empleabilidad en Latam, no un estudio empírico que modele el tiempo."
peerj-6257.pdf,10.7717/peerj-cs.183,Predicting student performance in higher education using data mining techniques,"Waad Al-Hubaishi, F. A., et al.",1,0,Computer Science,N/A (No Especificado),Predecir el rendimiento académico (GPA) de los estudiantes de Ciencias de la Computación.,"GPA (Target), Gender, High school grade, Admission test score, Attendance.","Decision Tree (C4.5, ID3), Naive Bayes",Mencionado pero Privado,Accuracy=71.21% (C4.5),"2 (Baja). Justificación: Aplica ML en graduados STEM (CS), pero predice el rendimiento académico (GPA), no la inserción laboral."
antibiotics-14-00440-2.pdf,10.3390/antibiotics14050440,Exploring Machine Learning for Predicting Antibiotic Resistance in Escherichia coli: A Comparative Study,"Iván Cervelle, María Dolores Pérez, Patricia Marín, et al.",1,0,"Machine Learning, Biología Computacional, Medicina",N/A (No Especificado),Comparar el rendimiento de 8 algoritmos de ML para predecir la resistencia a antibióticos en E. coli.,"Datos genómicos, Datos de susceptibilidad (Target: Resistente/Susceptible).","Logistic Regression, k-NN, SVM, Decision Tree, Random Forest, Gradient Boosting (XGBoost), AdaBoost, MLP.",Mencionado pero Privado,Accuracy=95.1% (Random Forest); Accuracy=94.9% (Gradient Boosting).,"2 (Baja). Justificación: Aplica ML (RF, XGBoost) pero para un problema de clasificación (Resistente/Susceptible), no de tiempo ni de empleabilidad."
1895_Sarsale+FINAL.pdf,N/A (No Especificado),Dimensions of program relevance towards employment success: Evidence from a graduate tracer study using principal component analysis,"Catherine M. Garcia, Melvin S. Sarsale, Ingrid M. Uy",0,1,Master in Management,Philippines,Explorar las dimensiones de la relevancia del programa curricular (Maestría en Gestión) para el éxito laboral.,"Perfil sociodemográfico, perfil de empleo, contribución del programa (ej. IT skills, research capability), efectividad del programa (ej. calidad de instrucción).",Principal Component Analysis (PCA),Mencionado pero Privado,"KMO=0.779. (Identificó 2 componentes: ""personal skills"" y ""professional skills"", explicando 87.87% de varianza)","2 (Baja). Justificación: Analiza la empleabilidad, pero se enfoca en postgrado (Gestión) y no en STEM."
09354626.pdf,10.1109/ACCESS.2021.3059516 59,Teaching Soft Skills in Engineering Education: An European Perspective 60,"Manuel Caeiro-Rodríguez, Mario Manso-Vázquez, Fernando A. Mikic-Fonte, et al. 61",1,1,"Engineering, Economics 62626262","Europa (Grecia, Estonia, Dinamarca, Portugal, España) 63","Revisar la promoción y enseñanza de ""soft skills"" en la educación superior de ingeniería en 5 países europeos. 64","Percepción de importancia de 44 soft skills (ej. digital literacy, critical thinking, teamwork, problem-solving), Idoneidad de métodos pedagógicos. 65656565656565",N/A (No Especificado) (Análisis descriptivo de encuesta) 66,Mencionado pero Privado 67,N/A (No Especificado). (Hallazgo: Estudiantes valoran más las habilidades metacognitivas (M=4.28) que las técnicas (M=3.87)). 68686868,"1 (Baja). Justificación: Se enfoca en las ""soft skills"" y métodos pedagógicos en ingeniería, no en modelar la inserción laboral."
s41155-022-00207-1.pdf,10.1186/s41155-022-00207-1,Teamwork skills in higher education: is university training contributing to their mastery?,"Elena De Prada, Mercedes Mareque, Margarita Pino-Juste",0,1,Ciencias Sociales,Spain,"Describir el dominio de las habilidades de trabajo en equipo (soft skills) en estudiantes universitarios y su relación con género, año académico y GPA.","Teamwork skills (Target), Gender, Academic year, GPA.",N/A (No Especificado) (Análisis descriptivo/observacional),Mencionado pero Privado,N/A (No Especificado). (Relación positiva entre GPA y teamwork skills).,1 (Baja). Justificación: Se enfoca en features (soft skills) en un dominio No-STEM y no modela la inserción laboral.
alex-hardisty-a-choice-of-persistent-identifier.pdf,10.3897/rio.4.e27096,A choice of persistent identifier schemes for the distributed systems of scientific research,"Alex Hardisty, Kevin D. Richards, Dave Roberts, et al.",1,0,"Data Infrastructure, Computer Science, Information Science",N/A (No Especificado),"Discutir y recomendar esquemas de identificadores persistentes (como DOI, ORCID) para la infraestructura de investigación.",N/A (No Especificado),N/A (No Especificado),N/A (No Especificado),N/A (No Especificado),1 (Baja). Justificación: No relacionado con la empleabilidad. Trata sobre infraestructura de datos (DOIs).
vega-salas2022.pdf,10.1038/s41366-022-01226-9,School environments and obesity: a systematic review of interventions and policies among school-age students in Latin America...,"María Jesús Vega-Salas, Claudia Murray, Richard Nunes, et al.",0,1,"Salud Pública, Nutrición",América Latina y el Caribe (LAC),Revisión sistemática de intervenciones sobre obesidad en entornos escolares en LAC.,N/A (No Especificado),N/A (No Especificado) (Revisión sistemática),N/A (Revisión),N/A (No Especificado).,1 (Baja). Justificación: No relacionado con el tema (es sobre obesidad infantil).
94-104+v2.pdf,10.30880/jtet.2022.14.03.009,Competencies for Tourism and Hospitality Graduates: Evidence from Longitudinal Tracer Studies,"Fajar Kusnadi Kusumah Putra, Pudin Saepudin, Ni Gusti Made Kerti Utami",0,1,Tourism and Hospitality Management,Indonesia,"Mapear las competencias (fundamentales, funcionales, profesionales) y la empleabilidad de los graduados en turismo y hotelería.","Estatus de empleo, Tipo de trabajo (sector), Métodos de aprendizaje, Competencias (ej. Teamwork, Comunicación, Computer skill).",N/A (No Especificado),Mencionado pero Privado,N/A (No Especificado). (Hallazgo descriptivo: 75.3% empleado full-time; Top competencia: Teamwork M=4.31),1 (Baja). Justificación: Es un estudio de seguimiento de graduados (tracer study) pero de una disciplina No-STEM (Turismo).
a7-79-91.pdf,10.5539/hes.v12n2p193,Employability and job performance of graduates of Occidental Mindoro State College Graduate School,"Vilma S. Casanova, Walter M. Paguia Jr",0,1,"Master of Arts in Education, Master in Public Administration, Master in Business Administration",Philippines,Determinar la empleabilidad y el desempeño laboral de los graduados de posgrado.,"Perfil (sexo, edad, etc.), Estatus de empleo, Salario, Tiempo para conseguir el primer empleo, Desempeño laboral, Competencias.",N/A (No Especificado) (Usa correlación de Pearson),Mencionado pero Privado,N/A (No Especificado). (Hallazgo descriptivo: 45.45% tardó <6 meses en ser promovido).,"1 (Baja). Justificación: Es un ""tracer study"" pero de postgrado y en disciplinas No-STEM (Educación, Adm. Pública)."
5515.pdf,10.70838/pemj.391009 11,Tracer Study of Graduates in Master of Arts in Education Major in Educational Management (MAED) And Master of Arts in Educational Management (MAEM)... 12,"Nestlie Fiel F. Jamison, Efren C. Flores 13",0,1,"Educational Management (MAED, MAEM) 14",Philippines 15,Describir el perfil sociodemográfico y la empleabilidad de los graduados de Maestría en Gestión Educativa. 161616,"Socio-demographic (age, sex, etc.), Employment profile (rate, status, earnings), Job level position (before/after). 17171717","N/A (No Especificado) (Descriptive-correlational, t-test) 181818181818181818",Mencionado pero Privado 19,"N/A (No Especificado). (No hay diferencia sig. en ""job level position"" antes y después). 20","1 (Baja). Justificación: Es un ""tracer study"" pero de postgrado y en disciplina No-STEM (Educación)."
"admin,+kss.v5i7.9317.pdf",10.55236/kss.v5i7.9317,Tracer Study of the Graduates of Master in Business Administration (MBA) of a State University in the Philippines,"Jo-Annie C. Gecolea, Erwin E. Nopre",0,1,Master in Business Administration (MBA),Philippines,Rastrear a los graduados del programa MBA.,"Perfil sociodemográfico, Estatus laboral, Avance profesional (promoción), Salario, Tiempo para conseguir el primer empleo.",N/A (No Especificado) (Usa estadística descriptiva),Mencionado pero Privado,N/A (No Especificado). (Hallazgo descriptivo: 94.12% empleados a tiempo completo).,"1 (Baja). Justificación: Es un ""tracer study"" de postgrado y en disciplina No-STEM (MBA)."
sustainability-14-14069-v2.pdf,10.3390/su142114069,"Gender Disparity in Science, Technology, Engineering, and Mathematics (STEM) Programs at Jordanian Universities","Omar Bataineh, Ahmad Qablan, Shashidhar Belbase, et al.",1,0,STEM (Educación),Jordania,Analizar la disparidad de género en la inscripción a programas STEM.,"Inscripción (Target), Género, Factores socioeconómicos, Percepción.","N/A (No Especificado) (Estadística descriptiva, t-test)",Mencionado pero Privado,"N/A (No Especificado). (Hallazgo: Hombres dominan Ingeniería (80.1%), mujeres dominan Cs. Médicas (78.3%)).","1 (Baja). Justificación: Es sobre STEM, pero analiza la inscripción (el inicio del ""pipeline""), no la inserción laboral."
JMDH-427513...pdf,10.2147/JMDH.S427513,A Tracer Study of Psychosocial Counselling Graduates...,"D. B. G., W. M. M. A., et al.",0,1,Psychosocial Counselling (Maestría),Uganda,Rastrear a los graduados del programa de maestría en Consejería Psicosocial.,"Perfil demográfico, Estatus de empleo, Tiempo para conseguir empleo, Salario, Relevancia del programa.",N/A (No Especificado) (Estadística descriptiva),Mencionado pero Privado,N/A. (Hallazgo descriptivo: 59% consiguió empleo en <6 meses).,"1 (Baja). Justificación: ""Tracer study"" de postgrado y en disciplina No-STEM (Psicología)."
